{
    "LUA_MENU/BR": "^3MRON BR",
    "LUA_MENU_MP/BR": "^3MRON BR",
	"LUA_MENU/MAPNAME_DONETSK": "^3Verdansk",
    "PERKS/DESC_BLASTSHIELD": "You got Random Perk",
    "SPLASHES/GENERIC_PERK_UPGRADE": "New Perk",
    "SPLASHES/REDEPLOY_TOKEN_CONVERTED_DESC": "Survive resurgence countdown to get redeployment.\nTimer increases every death.",
    "SPLASHES/REDEPLOY_TOKEN_CONVERTED_TITLE": "RESURGENCE TIMER STARTED",
	"SPLASHES/DEFCON": "^3NUKE INBOUND",
	"SPLASHES/DEFCON_FOUR": "TAKE COVER! THE DEATH IS COMING."
}